id,name,lat,lon,price,cuisine,opentime,endtime,recommendedfood
0,杭州西湖国宾馆·西湖第一名园·紫薇厅,30.2351506,120.1330332,468.0,江浙菜,11:00,22:00,"东坡焖肉,爽口鳝糊,虎跑泉水松茸饭,龙井虾仁,宋嫂鱼羹"
1,杭州西子湖四季酒店·金沙厅,30.2518881,120.129645,873.0,江浙菜,11:30,21:00,"古越陈酿煮花螺,鲍鱼红烧肉,金沙脆皮鸡"
2,茶人村·只此江南,30.2281884,120.1200366,138.0,江浙菜,11:00,20:30,"茶人芋头煲,鸡汁蓬蒿,私房桂鱼,茶人农家小米糕,升级版东坡肉,茶香鸡"
3,杭州西溪喜来登度假大酒店·采悦轩中餐厅,30.2676195,120.0887349,220.0,江浙菜,11:30,22:00,"采悦轩鲍鱼烧肉,爽脆龙井炒虾仁,传统杭州油爆虾,传统宋嫂鱼羹,东坡肉"
4,杭州君悦酒店·湖滨28中餐厅,30.254689,120.1618984,498.0,江浙菜,11:30,21:30,"西湖糖藕,鸽蛋酿鹅肝,江南富贵鸡,蟹粉豆腐,松鼠桂鱼,宋嫂鱼羹,古法盐甄笋,龙井虾仁,川香麻辣牛舌,扣肉"
5,杭州西子湖四季酒店·WL BISTRO西湖餐厅,30.2510966,120.1277566,460.0,西餐,06:30,22:00,"嫩煎伊比利亚猪扒 ,自家腌制三文鱼,布拉塔芝士,芦笋烩饭"
6,罗莱夏朵·杭州紫萱度假村·解香楼(八盘岭路店),30.2293844,120.1339737,650.0,创意菜,11:00,20:30,"葱油黄鱼,脆皮松板肉,松露鲍鱼焖饭,西湖雪媚娘,辣酒汁浸花螺,金箔沙律油条虾"
7,兰轩村庄食坊,30.2352737,120.0972774,744.0,江浙菜,11:00,21:00,"臭豆腐炒虾仁,干卤雪花牛肉,葱烧海参,桂花熏鱼,松茸银耳炖肉汁,三丝黄花菜"
8,江浙荟(西湖湖滨in77B区店),30.2548566,120.1637714,139.0,江浙菜,10:00,22:00,"龙井虾仁,鲍鱼红烧肉,鲍汁炒饭,奶酸菜鱼,咖喱时蔬,全家福"
9,楼外楼(西湖景区孤山路店),30.2502465,120.1407155,177.0,江浙菜,10:30,20:30,"西湖醋鱼,东坡焖肉,宋嫂鱼羹,西湖糖藕,精品虾仁龙井,西湖莼菜汤"
10,知味观·味庄(杨公堤店),30.2305558,120.1372912,161.0,江浙菜,10:30,20:00,"东坡肉,西湖醋鱼,龙井茶酥,西湖雪媚娘,三鲜猫耳朵,虾仁小笼,蜜汁藕,乾隆鱼头,扣肉,手剥龙井虾仁"
11,杭州柏悦酒店·悦轩中餐厅,30.2538781,120.2150809,670.0,江浙菜,11:30,21:30,"沉鱼落雁,辣酒汁浸花螺,悦轩香薰桂花鱼,和牛生煎包,黑松露江南富贵鸡,椒麻黑蒜特级和牛粒,传统豆沙方糕,两头乌肉碎蒸膏蟹,桂花糖醋肉排"
12,桂语山房(满觉陇店),30.2190107,120.1301525,638.0,江浙菜,10:30,21:00,"九层塔咖喱大虾,私房宫廷御香鸭,青石板话梅小排,虎跑泉水牛肉,榛子酱鹅肝拌葱油饼,原味牛小排,祖母酱汁牛肉,老酸奶,黄山鱼,御香鸭"
13,十八棵（老龙井）御茶园(老龙井店),30.2201618,120.10159,461.0,江浙菜,09:00,21:00,"大龙骨,松茸汤,龙井虾仁,咸菜春笋,五谷丰登红烧肉"
14,杭州开元森泊度假酒店·雨林餐厅,30.1334318,120.2230452,174.0,自助餐,07:00,20:00,"秘制小龙虾,烤鸭,广式茶点,三文鱼,牛排,水煮面条"
15,山葵家·创意料理(嘉里中心店),30.2595763,120.1628995,184.0,日本料理,11:00,22:00,"鹅肝芒果握饭,牛肉盖饭,蝴蝶卷,三文鱼炒饭,鳗鱼盖饭"
16,杭州新新饭店·1913餐厅,30.2559904,120.1440942,428.0,江浙菜,11:00,21:00,"蟹粉豆腐,古法杭三鲜,西湖醋鱼,东坡肉,手剥龙井虾仁,红糖麻糍"
17,小筑里·近代洋房花园餐厅(西湖店),30.2468588,120.1647489,150.0,西餐,11:30,21:30,"香菜汁烤鲈鱼,和牛M7西冷牛排,芝士南瓜酱,石锅鱿鱼,迷迭香烤童子鸡"
18,碧桃小馆·民国宅院(西湖大道店),30.2462151,120.1657462,160.0,创意菜,11:00,21:00, 
19,西湖天伦精品酒店·天伦餐厅·臻选蟹宴,30.2581417,120.1235823,216.0,江浙菜,11:00,21:00,"天伦黄油蟹,清蒸大闸蟹,蟹粉豆腐,蟹酿橙,蟹粉小笼,砂锅荔浦香芋"
20,mamala 西餐厅(杭州远洋乐堤港店),30.3061886,120.1405507,314.0,西餐,11:00,22:00,"澳洲和牛西冷牛排配蘑菇汁 ,法国春日羊排,吞拿鱼马铃薯千层派,酥脆龙利鱼,凯撒沙律,奶油蘑菇汤"
21,方老大面,30.2356706,120.1761128,55.0,小吃,07:00,20:00,"腰花番茄汁拌川,猪肝拌川,虾爆鳝面,腰花猪肝面,腰花片儿川,爆鳝片儿川"
22,罗莱夏朵·杭州紫萱度假村·曼殊怀石料理,30.2290822,120.1333031,2242.0,日本料理,11:30,20:00, 
23,杭州康莱德酒店·里安,30.2489328,120.2137378,742.0,江浙菜,11:30,22:00,"松露粉文火牛肉,龙虾麻婆豆腐,养生菌皇汤,脆皮乳鸽,双味山楂卷鸭肝酱,黑醋粒脆皮雪花牛肉"
24,月芽·自由餐厅,30.2750332,120.0706293,277.0,西餐,10:30,21:00,"泰式柠檬烤鱼钩,鲜虾牛油果沙拉,安格斯肉眼牛排,红葡萄酒烩牛尾,松露烩饭,月芽海鲜墨鱼汁饭"
25,玉玲珑Yeechino,30.2673857,120.1420824,518.0,江浙菜,11:00,21:00,"招牌茄子,蟹粉豆腐,奢华的冬瓜,香煎法式肥鹅肝,脆皮鸡,黑松露素菜饺"
26,VIDA创意西班牙餐厅(嘉里中心店),30.2599249,120.1627389,219.0,西餐,11:00,23:00,"澳洲安格斯肉眼牛排,经典西班牙海鲜饭,墨西哥薄底披萨,鹅肝煨饭,VIDA秘制大虾球,蟹肉牛油果沙拉"
27,天伦里(西湖店),30.2686798,120.1107459,297.0,江浙菜,11:00,21:00,"红糖麻糍,蟹粉豆腐,江南红烧肉,醉蟹,乌鱼子捞饭,翘嘴白"
28,新周記(鼓楼店),30.2376745,120.1709907,98.0,江浙菜,10:30,02:00,"招牌鱼头,招牌卤鸡爪,招牌豉油虾,铁板鲈鱼,红糖糯米糍,干煸手撕包心菜,芝士焗南瓜"
29,四灶儿·杭州本帮菜(鼓楼一店),30.2373675,120.1701958,90.0,江浙菜,10:00,21:00,"蛋黄南瓜,脆皮大肠头,石锅虾仁豆腐,酒酿馒头红烧肉,招牌干炸臭豆腐,四灶儿小炒王"
30,浙江西子宾馆·汪庄·牡丹厅,30.2332042,120.1499301,386.0,江浙菜,11:30,22:00,"龙井虾仁,东坡牛扒,西湖醋鱼,腰果酥,汪庄野菜煎饼,松子桂鱼"
31,Ambré Ciel 珀·餐厅,30.2628586,120.1029738,1669.0,西餐,11:30,22:00,"澳洲M7和牛西冷,土豆浓汤配卡露伽10年鱼子酱 ,经典抹茶拿破仑,法国蓝龙虾"
32,三嚥阁 La Villa Restaurant,30.2291303,120.1333937,1315.0,创意菜,14:00,21:30, 
33,月龍吟(平安悦坊店),30.251328,120.2133158,451.0,日本料理,11:00,21:30,"鹅肝,蓝鳍金枪鱼中腹,海胆,牡丹虾,焗蟹宝,香煎银鳕鱼"
34,蟹觅·遇见蟹的美好(来福士店),30.2491769,120.2130825,213.0,江浙菜,11:00,21:00,"招牌蟹觅炒蟹（小）,Q 打煎虾饼,蒜蓉辣椒蟹,黑松露焗肉蟹,银丝焗肉蟹,蟹黄油芙蓉龙虾,胡椒猪肚鸡饼,川香风干牛肉"
35,杭州绿城尊蓝钱江豪华精选酒店·澜亭中餐厅,30.2245997,120.1965958,531.0,江浙菜,11:30,21:00,"宋嫂鱼羹,鹅肝酱葱油饼,溏心鸽蛋红烧肉,西湖醋鱼,龙井炖奶,芝麻虾,辣螃蟹小笼包"
36,如野·玻璃房子·森林餐厅(西湖虎跑店),30.214604,120.137336,150.0,创意菜,10:30,21:00,"如野椒麻鸡,柠檬凤爪,牛肝菌鸡汁烩饭,鲜虾蟹黄嫩豆腐,有机番茄烫肥牛,龙井虾仁"
37,山舍茶屋·蟹料理,30.2166005,120.1235835,467.0,日本料理,11:30,22:00,"天妇罗鲍鱼,芝士焗蟹钳,蟹腿天妇罗,炙烤厚切牛舌 ,和牛小排石板烧 ,鹅肝手握"
38,竹哩(滨江店),30.2081862,120.2018268,451.0,日本料理,11:00,22:00,"蒲烧鳗鱼,雪花牛肉,烤鳕鱼,香橙慕斯,炸大虾,鳌虾"
39,暗香·Wild Yeast,30.2038917,120.1976941,896.0,创意菜,17:30,21:30, 
40,新荣记(西溪湿地店),30.2525265,120.0540599,767.0,江浙菜,11:30,20:30,"农家盐卤豆腐,黄金脆带鱼,铁板牛肉粒,蜜汁红薯,脆皮乳鸽,红烧辣螺肉"
41,宴江南,30.2336082,120.2571111,318.0,江浙菜,11:00,22:00, 
42,乔村二十八道(未来科技城店),30.2819594,120.0083499,212.0,江浙菜,11:00,21:00, 
43,大牌大·传统杭帮菜(湖滨店),30.2558426,120.1637767,79.0,江浙菜,11:00,20:30,"卤大肠,南乳扎烧,老杭州爆肥肝,一口闷芝士南瓜,桂花酒酿圆子"
44,杭州君悦酒店·君悦牛排馆,30.2548184,120.1615397,640.0,西餐,17:30,22:00,"澳大利亚安格斯谷饲肉眼M3,时令进口生蚝,M9澳洲和牛,鳕鱼,奶油南瓜生姜浓汤"
45,杭州酒家(延安路店),30.251744,120.1639671,90.0,江浙菜,11:00,20:30,"闷骚南瓜,东坡肉,果木泥烤叫花鸡,龙井虾仁,杭州熏鱼,纹丝豆腐"
46,杭州觀芷·翠陌民宿·觀芷隐轩,30.2424187,120.1711505,525.0,创意菜,10:00,23:00, 
47,览风铃Lakebell,30.2444035,120.1323559,375.0,西餐,11:30,22:00,"波士顿龙虾意面,低温慢炖牛肋排,M6和牛肉眼,黑松露奶油蘑菇汤,提拉米苏"
48,杭州皇逸庭院酒店·李白图书馆餐厅·四季蟹宴(秋涛皇逸庭院店),30.2648445,120.201152,174.0,江浙菜,11:00,21:00, 
49,庆春朴门,30.2446215,120.1090722,115.0,江浙菜,11:00,21:00,"黑松露炒饭,桂花荔浦芋头,泰式冬阴功汤,果木炭火煨榛果芡实牛蒡汤,糖醋莲藕,藜麦椒麻豆腐"
50,杭州柏悦酒店·潮餐厅,30.2537972,120.2149268,566.0,西餐,06:30,22:00,"什锦海鲜盘,老北京烤鸭,招牌战斧牛排,龙虾汤,波士顿龙虾墨鱼汁细面,香烤阿拉斯加，浆果,布拉塔芝士,柠香芥末虾球"
51,西溪别院(西溪天堂店),30.2653474,120.0892296,148.0,创意菜,10:30,21:00, 
52,素描餐厅,30.2357658,120.1048775,136.0,创意菜,11:00,20:30, 
53,马灯部落·原生态杭帮味道(西湖四眼井店),30.2163521,120.1381592,115.0,江浙菜,10:30,21:00,"部落非式炭烤羔羊排,石锅鱼,铁板土豆粉条,家酿米酒,地中海蔬菜锅,脆炸鲜奶,部落非式炭烤羊小腿,北大荒驴肉,部落炭烤羊腿,灯影土豆丝"
54,龙井草堂,30.2249542,120.1160311,645.0,江浙菜,10:00,21:00,"小葱炒蛋,无名英雄,舍得,炒鸡蛋,金蚕银翎,冬虫夏草老鸭汤,龙井虾仁,老汤土鸡"
55,金仲帮中餐厅(虎玉路店),30.2066474,120.1503147,138.0,江浙菜,11:00,20:30, 
56,杭州木守西溪酒店·溪隐餐厅,30.2552987,120.0527359,552.0,江浙菜,07:00,21:30,"芹香煎饺,山药核桃糕,瓜丝捞扇贝"
57,彩丰楼中餐厅(杭州奥克斯中心皇冠假日酒店),30.2805901,119.9982747,263.0,江浙菜,11:30,21:00,"玻璃脆皮乳鸽,虾饼炸响铃,小牛排,宋朝定胜糕,翠豌豆蜜椒和牛粒,桂花豉油大虾"
58,杭州临平万丽酒店·万丽轩中餐厅,30.415177,120.3102557,332.0,江浙菜,11:30,21:00," 黄椒酱蒸东海黄鱼,红酱汁肉碎蒸松叶蟹,金牌明火吊烧鸡,珊汁芝麻虾球,酒香熟醉游水虾,万丽轩小炒皇"
59,文兴酒家·始于1990(杭州大厦店),30.2743043,120.1609176,313.0,粤菜,11:00,21:00,"招牌文兴烧鸭,杏香脆皮牛腩,杏香雪蛤球,宫保虾球,干捞海皇银丝煲,杨枝甘露"
60,庆春里(延安路店),30.2615262,120.1629045,96.0,江浙菜,11:00,21:30, 
61,同乐舫(学院路店),30.2732144,120.1300885,188.0,粤菜,11:00,20:30,"同乐乳鸽皇,铜盆河虾,茄子鸡粒煲,猪尾巴,蟹粉,妙脆鲜虾肠"
62,杭州西湖希尔顿嘉悦里酒店·花蜜里Nettare·花园西餐·精酿酒馆,30.2493328,120.1674172,203.0,西餐,07:00,24:00,"澳洲谷饲牛排牡蛎肉,果木熏灸肉眼牛排,西西里海鲜锅,和牛汉堡,奶油蘑菇汤卡布奇诺"
63,青岚,30.2482461,120.1315843,567.0,西餐,11:30,21:30,"慢烤法国银鳕鱼,酱焖牛舌配杏鲍菇,慢炖新西兰90天乳牛腿,油浸野生黑虎虾,温泉蛋配黑松露酱佐蔬菜泥,青苹果黄瓜冰沙"
64,庆春食堂·102道纯手工蔬食料理,30.2579327,120.1934626,95.0,创意菜,11:00,21:00,"黑松露炒饭,西湖糖醋藕,桂花酒酿圆子,椰香南瓜汤,印度咖喱薄饼,藜麦椒麻豆腐"
65,杭州西湖国宾馆·西湖第一名园·湖畔茶居,30.2367377,120.13357,305.0,茶馆/茶室,09:00,23:00, 
66,杭州九里云松度假酒店·天香餐厅,30.2450065,120.1126055,375.0,江浙菜,11:00,20:30,"龙井虾仁,东坡肉,手撕豆腐,宋嫂鱼羹,石锅小牛肉焖烧牛筋,杭式葱包烩"
67,好酒好蔡(天目里店),30.2670901,120.0987509,2083.0,其他中餐,11:00,22:00,"牛油果官燕,脆皮猪手,酸辣面,酸辣翅,开心果桃胶 ,清汤螺片"
68,里园·八角杯,30.2267093,120.1335204,419.0,江浙菜,11:00,21:30,"蜜汁火方,锅贴鱼片,陈皮醉沼虾,酱肉蒸饭,脆皮大肠,椒香江鳗"
69,秋粤台(江锦路店),30.2507313,120.2130023,295.0,粤菜,11:00,21:00,"秋粤薹烧鹅,脆皮乳鸽,手打鱼娃娃菜,金网红米脆皮肠,笋尖原只鲜虾饺,招牌天鹅流沙酥"
70,肉本家·炭烤肉(杭州浙大总店),30.3068731,120.0925509,112.0,韩国料理,10:30,21:30, 
71,胡集酒肆·唐潮西域菜(西溪天街店),30.2938922,120.0692744,100.0,新疆菜,11:00,21:00, 
72,杭州雷迪森铂丽大饭店·普罗旺斯餐厅,30.2020809,120.2685139,248.0,自助餐,17:30,21:30,"羊排,煎鹅肝,烤鸭,M5澳洲战斧牛排,龙虾,北极甜虾"
73,老头儿油爆虾(武林店),30.2677687,120.1608217,101.0,江浙菜,10:30,21:00,"老头儿白切鸡,桂花糖年糕,老头儿油爆沼虾,酱卤鸭,特色臭豆腐虾皮,笼仔糯米酱排骨"
74,GUD古冬·海鲜火锅(壹号别墅店),30.2603215,120.160397,980.0,火锅,11:00,03:00,"招牌波士顿龙虾汤,印尼东星斑,M9手切三角和牛,云南姬松茸"
75,杭州城中香格里拉大酒店·城中小馆中餐厅,30.2606751,120.1617692,226.0,江浙菜,11:30,21:00,"灵隐素斋煲,核桃黑糖年糕,黑松露牛肋肉,西湖醋鱼,珊瑚芥味明虾球,龙井炖奶盆栽"
76,美在江南·臻宴（黄龙店）,30.2665559,120.1405053,100.0,江浙菜,10:30,21:00,"黄贡椒南麂岛黄鱼,江南私房肉烩裙边,清水甲鱼裙边煨花胶,一品麻辣澳舌,麦香珊汁芝麻大虾,小炒黄牛肉"
77,第101座花园餐厅(湖滨88店),30.2549457,120.1624731,221.0,西餐,11:30,21:30,"惠灵顿牛排,日式和风蒜香大虾意面,西班牙海鲜饭,澳洲雪花M7西冷牛排,芒果大虾沙拉,菌菇温泉蛋配土豆泥"
78,阮大兴糕团(湖滨银泰B区店),30.2544774,120.1636112,31.0,面包甜点,10:00,22:00,"四色方糕,红糖麻花,桂花米糕,桔红糕,开运方糕 ,南瓜方糕"
79,黄龙海鲜大排档(杭州总店),30.2691166,120.1314334,118.0,海鲜,10:30,04:00,"倒立红膏蟹,冰镇章鱼,原汁大目鱼,碗焖蛏子,海鲜炒粉干,海花烧豆面,食饼筒,铁板海瓜子"
80,观言·鎏金(湖滨银泰in77店),30.2536557,120.1624571,709.0,粤菜,11:00,21:00,"36个月潮州老鹅头,脆皮乳鸽,脆皮金沙参,生腌三门膏蟹 ,潮州刺头苦瓜煲,上汤布仔豆腐"
81,和萌吉烧肉屋(平海路店),30.2542419,120.165748,199.0,日本料理,11:00,22:30,"罐腌牛小排,生拌牛肉饭,厚切牛舌,牛杂芝士咖喱饭,极上横膈膜,冷豆腐"
82,杭州友好饭店·西湖旋转全湖景餐厅,30.2538175,120.1667115,286.0,自助餐,06:30,21:00,"叉烧肉,三文鱼,小牛排,阳澄湖大闸蟹,鹅肝,芒果布丁"
83,集艺楼,30.2537293,120.1398303,499.0,江浙菜,11:00,22:00, 
84,南山禄·精致杭州味,30.247568,120.159972,250.0,江浙菜,10:30,21:30,"鲍鱼东坡肉,澳洲和牛炒饭,松茸炖杭州鱼圆,龙井芙蓉小青龙,樱桃鹅肝,虎跑泉水牛腱"
85,蕙心小吃店(德苑路店),30.3013246,120.1610144,20.0,小吃,05:30,20:00,"荠菜馄饨,笋尖鲜肉大馄饨,蛋黄大馄饨干捞,野菜超大馄饨,芹菜鲜肉小馄饨,香菇鲜肉小馄饨"
86,意坊·意大利菜·民国洋房(西湖大道店),30.2463856,120.1657849,248.0,西餐,11:30,21:00,"三文鱼骨,帕尔玛火腿披萨,墨鱼汁烩饭,温泉蛋,意坊招牌芝麻菜沙拉,提拉米苏"
87,朴墅·传承杭帮菜(青芝坞店),30.2578398,120.1235573,111.0,江浙菜,11:00,20:30, 
88,素食堂(解放路店),30.2493898,120.1784775,29.0,素食,11:00,19:30,"糖醋土豆,菠菜面,素蒸饺,南瓜汁,萝卜丝饼,小米粥"
89,杭州远洋凯宾斯基酒店·紫宸中餐厅,30.3063402,120.1411433,295.0,粤菜,11:30,21:00,"鲜花椒宫爆虾球,秘制黑椒烧排骨,花雕醉花螺,松茸菌老鸡螺头炖汤,海鲜炒饭,杨枝金捞"
90,MILL(南山路店),30.237887,120.1585379,130.0,酒吧/酒馆,19:00,02:00,"囍茶,蛋蛋的泡芙,8.2度冰美式,BOSAN（冷）"
91,杭州心隅设计师酒店·心隅小馆,30.2686322,120.1117959,100.0,融合菜,11:00,20:30, 
92,润和祥小砵头甜酒酿,30.3155186,120.1386365,11.0,面包甜点,09:00,17:30, 
93,18号酒馆(天目里店),30.26704,120.0992972,139.0,西餐,11:00,02:00,"招牌盐酥鸡,爆浆金枪鱼披萨,炭烤菲力串,香烤鸡中翅,脆炸红薯条,万物生长黑松露烩饭配鹅肝"
94,食日长酒家,30.2374549,120.1067535,269.0,江浙菜,11:00,21:00,"番茄球,雪花鲳鱼饭,莲花山泉,油条酸汤肥牛,蟹粉法棍,话梅小排"
95,涤心沼,30.2236329,120.1132914,641.0,江浙菜,10:00,21:00,"龙虾仔烧麻辣豆腐,糖醋小排配桂花有机番茄,秘制香酥松板肉 ,陈年花雕醉膏蟹,龙井手剥河虾仁"
96,叶叶菩提(法云村店),30.2345699,120.0974567,772.0,素食,10:00,21:00,"黑松露珍菌佛跳墙,手工剪刀面配煎红枣糕,铁板羊肚菌排,五谷沙拉,酸奶抹茶慕斯,果仁雪燕"
97,杭州Vallie酒店·溪畔十九(西湖店),30.1967415,120.1317533,764.0,西餐,11:30,22:00,"炭烤澳洲M9牛排,波士顿龙虾,M7肋骨牛排,伊比利亚现切5J火腿,油封鸭腿,法国吉拉多生蚝"
98,大鱼徽州·寻味徽菜(星光总店),30.2085253,120.2087704,96.0,徽菜,11:00,21:00,"臭鳜鱼,板栗烧鸡,梅干菜锅巴,皖南老母鸡汤,干笋肉丝,老妈小炒肉"
99,乔村二十八道(钱江世纪城店),30.2340763,120.2544648,196.0,创意菜,11:00,21:00,"墨色流沙包,黑松露野菌饺,手撕烤羔羊排,乔村沃豆腐,龙虾泡饭,牛油果三文鱼沙律"
100,绿城玫瑰园·翡翠庭中餐厅(之江路店),30.176636,120.1050601,223.0,江浙菜,11:00,21:00,"泉水牛腱,石锅海胆豆腐,泰式咖喱虾配面包枕,客家观音茶香肉,番茄双蔬,天鹅蛋杨枝甘露"
101,杭州开元森泊度假酒店·雁来轩中餐厅,30.133672,120.2235147,143.0,江浙菜,11:00,20:00, 
102,头牌·鹤岗小串(高沙一店),30.3152256,120.3359385,87.0,烧烤,16:00,02:00,"鲜牛肉,锡纸皇家豆腐,麻辣猪脑花,烤茄子,烤面包片"
103,杭州富春山居高尔夫度假村·大痴小馆,30.0770764,119.9933049,334.0,江浙菜,11:00,21:00, 
104,La Gauche Eatery and Wine 古新里(省农机大楼店),30.2724108,120.1563011,308.0,西餐,11:30,24:00, 
105,杭州花间邸·鲨鱼SHARQUE·火烈鸟·FLAMINGOES·普朗姆生蚝吧,30.265887,120.1434596,198.0,西餐,11:00,03:00,"黑松露蘑菇披萨,战斧牛排,法国吉拉多生蚝,生牛肉沙拉,蘑菇汤,招牌草莓帕芙洛娃蛋糕"
106,1921餐厅(一线西湖湖景店),30.2517929,120.1639621,161.0,江浙菜,11:00,20:30,"龙井虾仁,东坡肉,鲜卤澳洲牛排,火踵神仙鸭,宋嫂鱼羹,清汤鱼圆,炸响铃,荷花酥,蜜柚沙拉,花杯松仁豌豆"
107,奎元馆(解放路店),30.2507859,120.170042,54.0,小吃,09:00,21:00,"三鲜面,片儿川,虾爆鳝面,猪肝面,红油八宝面,蟹黄面"
108,AJIYA味屋日式烧肉(开元路店),30.2476736,120.1623039,217.0,日本料理,11:30,22:00, 
109,南山南餐厅(青芝坞店),30.2581311,120.1242014,90.0,创意菜,10:30,21:00,"南山香烤鸡,南山元宝虾,南山东坡肉,蟹粉豆腐,南山双椒鱼头,黄鱼响铃"
110,杭州西湖湖滨南宋御街丽正门酒店·新白鹿餐厅(西湖银泰店),30.2429655,120.165872,63.0,江浙菜,10:30,21:00,"蛋黄鸡翅,糖醋排骨,东坡肉,话梅花生,鱼羊鲜,蛋黄南瓜,糖醋里脊"
111,宴遇(大悦城店),30.3017794,120.1292009,171.0,创意菜,11:00,20:30,"火焰黑椒安格斯小牛肉,黑松露深海鱼焗饭,摇滚田鸡,咕噜虾球,焦壳蒙古羔羊排,金汤酸笋泡椒鱼"
112,九甲里(河坊街店),30.2406294,120.1710715,83.0,江浙菜,09:30,23:30,"西湖醋鱼,龙井虾仁,香酥鸭,黑椒汁牛仔骨,东坡肉,干炸响铃"
113,东富酒家(平安金融中心店),30.2517063,120.2121711,628.0,粤菜,11:00,21:30,"直火牛肉粒,红胡椒焗法国蓝龙虾,古法蒸东星斑,开心果桃胶 ,高山芦笋炒澳带,椰子鸡汤"
114,樨香(平安悦坊店),30.2514785,120.213403,344.0,江浙菜,11:00,21:00,"鸟巢水果油条虾,波龙麻婆豆腐,犀香小炒皇,拉菲樱桃鹅肝,山珍极品牛肉,生醉膏蟹"
115,大头隐食小馆(馒头山社区店),30.2178668,120.1695374,144.0,江浙菜,11:00,21:00, 
116,曼殊·天竺里餐厅,30.2355172,120.1047032,169.0,创意菜,10:30,20:30,"竹林生炒鸡,孜然烤羊排,又酸又菜又多鱼,芥末大虾,贡椒黄牛肉,桂花南瓜"
117,玲姐·海鲜火锅(满觉陇路店),30.216972,120.1348031,715.0,火锅,11:00,04:00,"阿拉斯加帝王蟹,玲姐雪花和牛粒,老虎斑,紫菜响铃,宫廷煲翅浓汤底,招牌蛤蜊龙虾汤"
118,江南茶语庭院餐厅(九溪店),30.2127686,120.1178893,80.0,农家菜,10:00,21:00,"钱江白条,龙井遇上虾,竹林鸡汤,桂花小米糕,西湖醋鱼,茶香排骨"
119,杭州滨江银泰喜来登大酒店·采悦轩中餐厅,30.207791,120.196692,217.0,粤菜,11:30,21:30, 
120,越周·中餐厅,30.2120018,120.2049094,575.0,江浙菜,10:00,21:30,"越周煨土三鲜,豉油肉配玉米饼,饭焐西班牙黑毛猪,海钓铜盆鱼,毛盐蒸紫廊土鸡,金枕榴莲酥"
121,潮玖·精细潮州菜(华联星光大道二期店),30.2113969,120.2065922,1042.0,粤菜,11:00,21:00,"澳洲龙虾,上汤布仔豆腐,砂锅鹅血煲 ,潮州狮头鹅,生腌蟹,古法葱油黄鱼"
122,7017味道工厂(中财店),30.2094032,120.2142954,89.0,江浙菜,10:30,21:00,"千岛湖鱼头奶汤,石锅烧的嫩豆腐,四川人都嫌辣的鸭掌煲,尖椒小炒肉,农夫山泉煮的螺丝,夹饼大块肉"
123,巡山令酸汤牛肉火锅(滨江天街店),30.2009102,120.2030048,109.0,火锅,11:00,21:00,"生切小黄牛肉,鲜椒牛肉,卤带皮黄牛肉,酥油奶渣饼 ,牛肉丸,经典马帮牛腩"
124,3号仓库·餐厅(博地中心店),30.2350237,120.2519275,149.0,创意菜,10:00,21:30,"鹅肝面包塔,仓库年糕蟹,日式咖喱虾,QQ烤土豆,榴莲披萨,肥牛与牛蛙的故事"
125,九漱,30.1877608,120.1168603,414.0,融合菜,11:00,21:00,"主厨牛肉,辣卤东海目鱼,夏日莲子拆蟹肉焗"
126,成都遇见你·串串吧(滨江店),30.1785909,120.1529784,86.0,火锅,17:00,01:00,"老成都小酥肉,烤小黄鱼,红糖糍粑,烤全翅,冒鸭血,冒脑花"
127,上房火鍋(印力汇德隆杭州奥体印象城店),30.22383,120.2520578,809.0,火锅,11:00,22:00,"椒盐牛蛙腿,花胶鸡,椒盐九肚鱼,老鬼牛杂,上房三色牛肉船,南澳鲍鱼"
128,云径天竹咖啡馆,30.1934546,120.0848685,131.0,面包甜点,09:00,20:30,"黑松露石锅鲍鱼饭,和风牡丹虾球,蒲叶松板肉,泉水牛肉,牛肉黑椒洋葱炒饭,脆皮桂花年糕"
129,carbon魔泰·Thai 泰国餐厅(武林银泰店),30.2683377,120.1638721,151.0,东南亚菜,11:00,20:30,"金钱虾饼,冬阴海鲜汤,黄咖喱牛腩,芒果糯米饭,猪颈肉,咖喱虾"
130,天妇罗·天弋(原天燚武林路9号店),30.2592449,120.1602311,1138.0,日本料理,11:30,21:30, 
131,周先生面馆,30.2621765,120.1692653,20.0,小吃,08:30,20:30,"大排面,猪肝面,猪肝拌川,虾仁拌川,肉丝拌川,茄汁拌川"
132,南宋胡记(西湖旗舰店),30.2526649,120.1638623,60.0,面包甜点,09:30,22:30,"白娘子饼,龙井茶酥,蛋黄酥,香芋酥,荷花酥,绿豆糕"
133,默绿Molv restaurant,30.2517965,120.1691004,116.0,创意菜,11:00,20:00, 
134,景阳观(河坊街店),30.2406444,120.170839,21.0,小吃,07:30,18:00,"酱黄瓜,糖蒜,醋萝卜,雪菜,螺丝菜,什锦菜"
135,一招鲜渔年(江城店),30.2356505,120.1760798,86.0,江浙菜,10:00,22:00,"秘制酱香排骨,美椒牛蛙,招牌剁椒鱼头,酱香鱼头,花雕鸡,糖醋里脊"
136,SKY52·湖上牧云私宴,30.2486298,120.2127183,647.0,江浙菜,11:30,21:30,"鱼子酱北京烤鸭宝盒,黑松露波士顿龙虾们焖面,广式清蒸笋壳鱼,琉璃脆皮乳鸽,玻璃脆皮乳鸽,黑松露鲍鱼红烧肉,黑毛猪肉饼蒸膏蟹,雪菜黄鱼面,茅台辣汁醉花螺"
137,杭越小鲜(来福士店),30.2485748,120.2129878,144.0,海鲜,11:00,21:00, 
138,杭州康莱德酒店·锦瑟,30.2489411,120.2137217,268.0,咖啡店,11:00,22:00, 
139,老鸭集(西溪龙湖天街店),30.2940592,120.0694799,94.0,江浙菜,10:30,21:00,"辣花螺,火腿老鸭煲,千张包, 酱鸭肫,笋干,酱鸭翅"
140,杭州西溪十里芳菲度假村落·芳菲食堂,30.2646715,120.0597227,149.0,江浙菜,07:30,21:00,"私厨酸汤侵肥牛,广式清蒸鲜鲈鱼,石耳翡翠竹笋衣煲,泡椒花菜梗,红烧肉,西湖龙井炒虾仁"
141,群乐饭店,30.1839031,120.1747104,102.0,农家菜,11:00,20:30,"红烧肉,白切鸡,功夫麻球,红烧猪尾巴,葱油白条,虾饼"
142,杭州逍遥庄园·湘湖山房·云从全日餐厅,30.1567898,120.2314514,358.0,自助餐,07:00,21:00,"海鲜档,饮料,甜品,水果,烧烤"
143,鱼宴馆·家宴老字号(千岛湖总店),29.6041323,119.0351479,90.0,江浙菜,10:00,21:00, 
144,淳之鱼(千岛湖旗舰店),29.6007865,119.0295299,65.0,江浙菜,09:00,21:00,"淳牌鱼,淳香鳖,淳香灶台有机鱼,淳香地锅鸡烧鲍鱼,五香牛肉,蒜泥油麦菜,酒酿圆子羹,小炒黄牛肉,葱油白花,乡村肉圆子"
145,LE COQ大公鸡小酒馆·摩登餐厅(杭州大厦店),30.2745711,120.1610137,304.0,西餐,11:30,24:00,"黑松露薯条,战斧牛排,脆皮烤春鸡,沙丁鱼面包,藏红花原味海鲜饭,芝麻菜时令水果色拉"
146,23号墙门菜(武林店),30.2663688,120.1625672,69.0,江浙菜,10:00,21:00,"尖椒大肠,开背虾,抱腌菜笋片鲫鱼,椒盐排骨,生炒鸭子,青菜炒荷包蛋"
147,喜大有鸡煲(朝晖店),30.2764523,120.1674923,88.0,火锅,10:30,23:30,"招牌鸡煲,娃娃菜,炸牛奶,温州小酥肉,深海大虾,手工年糕"
148,杭州温德姆至尊豪廷大酒店·萨瓦迪泰餐厅,30.2629452,120.1589477,199.0,东南亚菜,11:30,21:00,"泰式黄咖喱珍宝蟹,炸虾饼,椰汁西米盏,虾酱空心菜,印度飞饼,冬阴功汤"
149,蟹叁寳·蟹黄捞饭(杭州西湖店),30.2622887,120.1692802,105.0,江浙菜,10:00,23:00, 
150,Burger LAB 汉堡实验室(中山中路店),30.2562682,120.1698681,57.0,创意菜,11:30,22:00,"青咖喱菠萝烤鸡汉堡,原切牛排热带汉堡,日式炙烧蟹肉芝士汉堡,麻婆豆腐牛肉迷你堡,芝士黑金炸鸡汉堡,香茅鱼肉卷"
151,五谷七福·每日现烤(平海路店),30.2543188,120.1687922,39.0,面包甜点,08:00,24:00,"五谷七福,米面包,卡仕达包,红豆包,盐面包,艾草雪菜鸡肉明太子"
152,新白鹿餐厅(湖滨银泰in77C区店),30.250853,120.16474,61.0,江浙菜,10:30,21:00, 
153,侯师傅热炒(湖滨银泰店),30.2509367,120.1650182,68.0,湘菜,11:00,21:00, 
154,陳八两面家(解放路店),30.2510449,120.1709901,31.0,小吃,08:00,21:30,"番茄鸡蛋面,老酸菜牛肋条面,猪肝面,雪菜牛腱子面,大肠面,香辣牛杂面"
155,大美乐抓饭(华星路店),30.2790509,120.1170296,46.0,新疆菜,10:30,20:00,"草原羔羊小腿抓饭,双排胶原抓饭,酸奶,腿排套餐,单排饭,新疆素抓饭"
156,柳莺湖上·湖景餐厅·江南菜(西湖店),30.238717,120.1545571,226.0,江浙菜,10:30,21:00,"六月妃子笑,芦笋雪花牛,海胆青龙烩豆腐,宫廷御香鸭,西湖醋鱼,杨梅鳕鱼球"
157,101茶餐厅,30.3099248,120.1426182,84.0,台湾菜,11:00,20:00, 
158,慧娟面馆·餐厅(望江路店),30.2370772,120.1761084,52.0,小吃,08:00,02:00,"慧娟片儿川,虾仁鳝面,慧娟卤鸭,肉丝拌川,吮指鸡爪,酸菜黑鱼面"
159,大马弄蒋师傅美食酥鱼(察院前店),30.2331944,120.1689549,25.0,小吃,07:00,18:30,"蒋师傅招牌酥鱼,现炸鱼嘴馋,熏鱼,蜂蜜椒盐花生米,蒋师傅小鱼儿"
160,弄堂里(西湖龙井店),30.2391407,120.1238907,76.0,江浙菜,10:30,21:00, 
161,JIREH7,30.294449,120.0963782,76.0,韩国料理,11:00,21:30,"烤猪排肉,石锅拌饭,嫩豆腐汤,青春炒年糕,芝士鸡蛋卷,海鲜饼"
162,鮨直輝 by Kevin,30.243577,120.2091514,2356.0,日本料理,11:30,23:00, 
163,万岛日本料理铁板烧自助餐(万象城店),30.2525283,120.2152039,509.0,日本料理,11:30,22:00,"新西兰螯虾,鹅肝,活海胆,松叶蟹,一品冰鲍,帝王蟹"
164,壹柒by张生记(来福士店),30.2486272,120.2133422,177.0,江浙菜,11:00,21:00,"菌皇火瞳鸡,招牌老鸭煲,虾头酱焗海皇豆腐,辣酒捞汁花螺,石锅牛肉,藕饼"
165,杭州西溪喜来登度假大酒店·盛宴标帜餐厅,30.268077,120.0888785,212.0,自助餐,06:30,10:30, 
166,西溪喜来登大堂吧,30.267719,120.088719,150.0,咖啡店,08:00,23:59, 
167,夏星酒馆(剑桥公社店),30.3060633,120.095753,93.0,韩国料理,16:30,02:00,"夏星芝士排骨锅,辛拉面,金枪鱼手抓饭,蟹柳飞鱼籽手抓饭,芝心年糕,炸王饺子"
168,法云安缦·蒸菜馆(法云弄店),30.2370085,120.097723,375.0,江浙菜,11:30,21:00,"雪菜蒸桂鱼,法云炒饭,红烧猪蹄,杭州东坡肉,腊肠茶干,蒸茄子"
169,火撸尖千岛小串(紫金港店),30.3074689,120.092344,99.0,烧烤,17:00,02:00,"牛肉,玉米粒,蒜爆鸡,掌中宝,鲜嫩小黄鱼,土豆片"
170,香芙茗茶楼(梅家坞店),30.2066813,120.0876509,127.0,江浙菜,10:00,21:00,"剁椒鱼头,招牌卤鸭,竹荪丝瓜"
171,嘭嘭鲜牛杂煲(九堡店),30.3188313,120.2589841,94.0,火锅,10:30,02:00,"牛杂煲,牛排煲,牛筋,牛肠,炸腐皮,现炸小酥肉"
172,鸡啤咯哒(下沙和达城店),30.3089229,120.3474859,63.0,韩国料理,11:00,21:30,"韩式果酱炸鸡,雪花芝士炸鸡,田园色拉,蜜制蒜香炸鸡,土豆培根披萨,泡菜金枪鱼饭团"
173,晌熏欧巴年糕,30.3092478,120.3480297,76.0,韩国料理,11:30,20:00,"意大利蜂蜜披萨,肥牛年糕,芝士年糕,大虾年糕,金枪鱼饭团,甜味炸鸡"
174,山居荣府高级餐厅(金门东望大厦店),30.0683076,119.9466732,251.0,江浙菜,11:00,20:30, 
175,杭州JW万豪酒店·万豪中餐厅,30.2745211,120.1569894,171.0,粤菜,11:00,21:30,"红烧乳鸽,豉汁蒸凤爪,经典杨枝甘露,虾饺皇,梅酱牛仔骨,榴莲酥"
176,杭州大厦·荣小馆,30.2725649,120.1608954,211.0,江浙菜,11:00,20:30,"目鱼香肠,东海三鲜,鲳鱼烧年糕,黑松露鹅肝包,沙蒜烧豆面,蜜汁红薯"
177,鸟语花香·高空景观餐厅(杭州大厦店),30.2720483,120.16149,262.0,粤菜,11:00,20:30,"招牌脆皮乳鸽,金不换辣炒大波龙,葱烧鳗鱼佛跳墙,帝皇风范三品,红焖宁夏滩羊,芋泥炖桃胶,瑶柱菜脯酱焗长脚蟹,红宝啫金钱牛展,脆葱清酒鲍鱼,花开富贵鹅肝"
178,八角杯咖啡(中山北路店),30.2598325,120.1693352,24.0,咖啡店,08:00,18:00,"特色拿铁,椰奶拿铁,碱水面包,杏仁牛角包,摩卡,美式司康"
179,谢大牛馆·中式卤牛排(德胜店),30.2942603,120.1611657,102.0,小吃,11:00,23:30,"牛排,牛杂粉,炒空心菜,牛筋,牛舌"
180,弄堂里(湖滨银泰in77C区店),30.2536551,120.1647939,77.0,江浙菜,10:30,21:00,"梭子蟹炒年糕,糖煎麻糍,鞋底饼,薄荷冰奶,稻香扎蹄,糖醋里脊"
181,知味观(湖滨店),30.2525778,120.1631631,66.0,小吃,08:00,21:00,"西湖醋皇鱼,东坡肉,叫花鸡,脆皮糯米藕,虾肉小笼,素烧鹅"
182,Bistro ete 夏久(体育场路店),30.2695689,120.181384,142.0,西餐,11:30,22:00, 
183,杭州大华饭店·明湖苑湖景餐厅,30.2486446,120.1599762,225.0,江浙菜,11:30,20:30,"西湖醋鱼,龙井虾仁,米馒东坡肉,炸响铃,宋嫂鱼羹,糖藕"
184,杭州殊胜龙井酒店·南杭卤赞花园餐厅(西湖龙井店),30.2458593,120.1226537,164.0,创意菜,11:30,20:30,"香醉沼虾,卤味拼盘,钱塘江野生大鳊鱼,望江寻鲜,美味凤爪,香干小野菜,特选龙井,桂花松糕,古法盐焗鸡,腊笋烧肉"
185,赠李白·如诗的川味(庆春银泰店),30.2600437,120.2046533,92.0,川菜,10:30,21:00,"酥肉豆汤饭,太白酸菜鱼,宫爆花仁鸡丁,老底子现炸小酥肉,磁器口毛血旺,麻辣鸡丝凉面"
186,临记老厨(文苑店),30.2756213,120.0995299,92.0,江浙菜,10:30,21:00,"醋炒鸡,农家口口脆,招牌铜锅鱼,石锅黄牛肉,卤大肠,清汤螺蛳"
187,杭州玉皇山庄·玉皇食府,30.2243241,120.153652,102.0,江浙菜,11:00,21:00, 
188,蔡马洪涛烤肉·老北京火锅(上塘路店),30.3273046,120.1450448,86.0,烧烤,10:30,02:00,"精品五花肉,雪花肥牛卷,羊肉串,烤羊排,小牛排"
189,樵食庭院餐厅,30.2361297,120.1056336,188.0,江浙菜,09:00,22:00,"樵食鱼头,樵食蛋酥,鸡蛋碰石头,包心菜干蒸千张包,肉汁萝卜,杭州卤鸭"
190,悦榕庄湖光阁,30.267494,120.087004,268.0,西餐,11:30,20:30,"宫廷下午茶,日式放题任点任食,周末自助晚餐"
191,杭州洲际酒店·原素全日餐厅(解放东路店),30.2420506,120.2135214,289.0,自助餐,11:30,21:30,"现烤大虾,三文鱼排,芝士焗生蚝,大闸蟹,现烤羊排,芝士蛋糕"
192,杭州中科久泰饭店·久泰阁,30.2393959,120.2127907,1336.0,江浙菜,11:30,21:30, 
193,小狗面馆(复兴店),30.2112083,120.1681944,37.0,小吃,06:00,20:30,"猪肝面,大肠,大排,卤鸭,五香牛肉"
194,凡云西溪酒店·味央餐厅,30.274407,120.069985,299.0,江浙菜,11:00,20:30, 
195,访溪上餐厅(西溪湿地店),30.2489728,120.045632,585.0,江浙菜,11:00,21:00, 
196,径山十八道·风味民间菜(华夏之心店),30.2824257,120.0027697,109.0,其他中餐,11:00,21:00,"深海黄鱼年糕,摔打黄牛肉,鸡汤手撕豆腐,迷你生煎包,松茸紫菜饭,脆皮乳鸽"
197,牛表妹烤肉·直营店(杭州总店),30.3152516,120.3345131,89.0,烧烤,16:30,01:30,"表妹烤肠,牛仔骨,五花肉,酱爆螺丝,皮蛋豆腐,小紫薯仔"
198,鱼宴馆·灶台鱼·淳醉旧时光(千岛湖店),29.6095665,119.0619131,92.0,农家菜,10:00,21:00,"鱼宴灶台有机鱼,又香又脆玉米片,私房辣椒炒肉,面疙瘩,招牌石锅香芋,招牌爆浆榴莲芝士饼"
199,Carbon莫卡哆·意大利复古集市餐厅(杭州大厦店),30.274481,120.1597763,296.0,西餐,11:30,21:30,"黑松露披萨,巧克力火山熔岩,提拉米苏,脆皮鸡"
200,董鲜生·海胆水饺(杭州大厦精选店),30.2736688,120.1616639,94.0,创意菜,10:30,21:00, 
201,满满初牛·炭烧牛肉专门店(国大店),30.2694736,120.1627282,129.0,日本料理,11:00,21:00,"厚切牛排丼饭,紫苏虾球,茶冻"
202,杭三姐妹(武林店),30.2624288,120.1606798,74.0,江浙菜,10:30,21:00, 
203,天香楼(延安路店),30.2634478,120.1633043,107.0,江浙菜,10:30,20:30, 
204,名人名家·浙菜(文二店),30.2838694,120.1449185,228.0,江浙菜,11:00,21:00,"果木烤鸭,蒜蓉粉丝帝皇蟹,烤鸭皮鱼子酱,金牌虾饺皇,渔家艇仔粥,沙爹金钱肚"
205,新丰小吃(庆春店),30.2580019,120.1643951,17.0,小吃,05:00,20:30,"虾肉小笼,牛肉粉丝,虾肉馄饨,赤豆汤,鸭血汤,糖糕"
206,九甲里·老底子杭帮菜(音乐喷泉店),30.2571018,120.1631819,128.0,江浙菜,10:00,24:00, 
207,老头儿油爆虾( 湖滨银泰in77D区店),30.253248,120.16372,113.0,江浙菜,11:00,21:00, 
208,喜茶(杭州湖滨银泰in77A区店),30.252911,120.1628524,26.0,面包甜点,10:00,22:00, 
209,新周記·夜宵(平海路店),30.2543446,120.1684587,96.0,江浙菜,10:30,21:00, 
210,点都德(湖滨银泰in77店),30.2523015,120.16452,103.0,粤菜,10:00,21:00, 
211,南方迷宗大包(湖滨店),30.2517066,120.1638695,8.0,小吃,06:30,17:00,"南方肉包,油包豆沙,酒酿豆浆"
212,荣鲜面馆(邮电路店),30.2518497,120.1672036,35.0,小吃,09:00,20:00,"酸菜鱼,爆鳝面,雪菜片儿川,猪肝面,馋嘴牛蛙面,青菜油渣面"
213,鮨秋·柳营,30.2494106,120.1620034,1590.0,日本料理,11:30,21:30, 
214,拉姆西餐·Pinot Wine Bar(青年路店),30.2495066,120.1679325,151.0,西餐,09:00,24:00, 
215,大鱼徽州·寻味徽菜(文二店),30.2819469,120.1210858,94.0,海鲜,11:00,20:30, 
216,食不食货(西湖大道店),30.2466032,120.17294,232.0,江浙菜,11:00,01:00, 
217,百家鸡味馆(清泰店),30.2463594,120.1729632,35.0,小吃,10:00,22:30,"招牌百家鸡,干炒牛河,蜜汁叉烧饭,咖喱肉角,鸡油拌面,百家生煎包"
218,越英核桃酒(城站火车站店),30.2470425,120.1748937,135.0,创意菜,11:30,21:30, 
219,赵宝美点心店,30.2432498,120.1764288,17.0,小吃,06:00,13:30,"特色葱煎包,牛肉粉丝,葱油拌面,菜肉大馄饨,小馄饨,阳春面"
220,张生记(双菱店),30.2594314,120.1952546,96.0,江浙菜,11:00,21:00, 
221,幸福里(丝联店),30.3123646,120.1420085,133.0,火锅,11:00,24:00,"幸福里手切鲜羊肉,老北京芝麻火烧,老北京炒饼,幸福里极品羊蝎子火锅,太级双滑,芝麻火烧,幸福里羊肉卷,羊肉,宽粉,牛羊双拼"
222,周萍粽子店,30.2352132,120.1703296,13.0,快餐简餐,06:00,22:30,"蛋黄板栗肉粽,豆沙粽,蜜枣粽,赤豆粽,中肉粽子,蛋黄鲜肉粽"
223,孙奶奶葱包桧,30.2345551,120.1705218,10.0,小吃,07:30,19:30,"葱包桧儿,葱包烩素烧鹅,桂花糕,绿豆汤,红豆沙粽子,红豆红枣汤"
224,弄面·拌川(杭州大厦501店),30.2587186,120.2038323,27.0,小吃,08:30,21:00,"猪肝拌川,牛腩拌川,大虾腰花面,酸菜肚片面,笋干片儿川,大排拌川"
225,二烧(拱苑路店),30.2969703,120.1097602,18.0,小吃,05:00,22:00,"笋尖烧卖,全家福大馄炖,蛋黄大馄饨,虾肉馄饨,葱油拌馄饨,小馄饨"
226,四灶儿私房菜(望江店),30.2339445,120.1882295,81.0,江浙菜,10:30,21:30,"酸菜鱼,醋炒鸡,干炸臭豆腐,蛋黄南瓜,四灶儿小炒王,脆皮大肠"
227,外婆家(西溪天堂店),30.2653144,120.0905057,129.0,江浙菜,10:30,21:00, 
228,杭州康莱德酒店·与澜,30.2489411,120.2137217,363.0,自助餐,06:30,21:00,"笋壳鱼,杨枝甘露,松露脆皮肉,大理石香芋,黄焖生态黄鱼,海胆豆腐"
229,兰桂坊·花园餐厅(西湖店),30.217308,120.1344272,90.0,江浙菜,11:00,21:00,"糖醋里脊好经典,招牌桂花核桃羹,金蒜瓦罐鱼,桂花米糕,叫花鸡,田园鸡毛菜,很漂亮的蔬菜,剁椒鱼头,子陵炖鱼,芒果刨冰"
230,杭茶坊(乾龙路店),30.2146155,120.1180462,110.0,农家菜,09:30,20:30, 
231,八鲜够嗨(虎玉路店),30.2066004,120.1501017,106.0,创意菜,10:00,21:00, 
232,余味菜馆(共鸣巷店),30.1920052,120.1978656,53.0,江浙菜,10:30,21:00,"肉丝跑蛋,炒猪肝,酸菜鱼,拆骨肉,生炒鸡,地三鲜"
233,来翠面馆(转塘店),30.1623022,120.0780346,44.0,小吃,06:00,19:00,"肝腰拌川,猪肝面,三鲜面,大肠拌川,猪肚拌川,尖椒肉丝拌川"
234,阳明轩(杭州众安假日店),30.1779822,120.263143,207.0,融合菜,11:30,21:00,"橙香脆皮牛肉,黑松露鲍汁扣海参,鱼子酱松板肉,龙腾四海"
235,春雪面馆(转塘店),30.1596714,120.0711386,24.0,小吃,06:00,20:30,"肉丝拌川,腰花拌川,牛肉拌川,虾爆鳝拌川,猪肝面,特色酥鱼面"
236,夏沫花园,30.172759,120.0338117,73.0,咖啡店,09:30,20:30,"花环咖啡,白桃气泡水,金桔柠檬气泡水,生椰拿铁,西柚气泡水,蜂蜜水果松饼"
237,艋舺·台宴(杭州大厦店),30.2726877,120.161517,228.0,台湾菜,11:00,21:30, 
238,老爷锅(武林银泰店),30.2683313,120.1644192,64.0,火锅,10:30,21:00, 
239,三郎日料•烧肉酒场(文晖店),30.280781,120.164871,81.0,日本料理,11:00,21:30, 
240,张小歪的虾·螃蟹·生腌熟醉·打边炉(中山北路店),30.268767,120.167018,108.0,火锅,11:00,24:00, 
241,大牌大·融合杭帮菜(武林店),30.2626682,120.1608968,69.0,江浙菜,11:00,20:30, 
242,SAKE YAKI（玖烤）板前烤物,30.261974,120.159684,716.0,烧烤,11:30,22:00, 
243,不万能先生·市井牛肉火锅(武林总店),30.262199,120.160888,80.0,火锅,11:00,22:30, 
244,韩国料理大力士(屏风街店),30.2669685,120.1692215,109.0,韩国料理,11:30,21:30,"调味牛仔骨,芝士年糕,冷鲜五花肉"
245,港姐姐·掌中宝串串公司(杭州首店),30.2606916,120.1609714,88.0,火锅,17:00,02:00, 
246,1886德国汽车餐厅(嘉里中心店),30.260429,120.161466,191.0,西餐,11:00,02:00, 
247,很累海南鸡饭(欧美中心店),30.2735588,120.1375347,75.0,东南亚菜,10:00,21:30, 
248,Alimentari Grande(嘉里中心店),30.2596725,120.1628538,167.0,西餐,09:00,24:00,"三文鱼班尼迪克,Grande招牌披萨,黑松露意面,海鲜烩饭,奶油卷,芦笋沙拉"
249,老房火锅•和牛海鲜火锅,30.269395,120.1361849,478.0,火锅,17:00,02:30, 
250,潮牛海记(西湖店),30.2563589,120.1610091,154.0,火锅,10:30,03:00, 
251,朱雀打边炉(湖滨88店),30.2546732,120.1619742,155.0,火锅,11:00,21:00, 
252,就是泰Just Thai泰式火锅(湖滨银泰店),30.254752,120.163331,140.0,东南亚菜,11:00,21:00, 
253,喧客精酿啤酒餐吧,30.2594101,120.172285,146.0,西餐,17:00,01:00,"火焰德国咸猪肘,意大利红肠披萨,德国黑森林,泰国龙虾片,小吃拼盘,水果沙拉,蔬菜沙拉,芒果草莓慕斯,鲜虾木瓜沙拉,玉米片"
254,重庆高老九火锅(工联CC店),30.2546758,120.164604,130.0,火锅,11:00,24:00, 
255,明洞王妃家烤肉(湖滨银泰in77D区店),30.2536105,120.1637394,132.0,韩国料理,11:00,21:30, 
256,泰妃殿(杭州首店),30.253436,120.1634307,126.0,东南亚菜,10:30,21:30, 
257,趣东北·齐齐哈尔烤肉(信义坊店),30.2941667,120.1449342,102.0,烧烤,11:00,23:00, 
258,那时新疆·龟兹(湖滨银泰in77D区店),30.253321,120.163671,97.0,新疆菜,11:00,21:30, 
259,外婆家(湖滨银泰in77C区店),30.253165,120.1649913,82.0,江浙菜,10:30,21:00, 
260,采芝斋(延安路店),30.2526479,120.1638368,34.0,小吃,09:00,22:00,"袜底酥,鲜肉榨菜月饼,桂花绿豆糕,蝴蝶酥,西湖藕粉,桂花年糕"
261,冯三孃跷脚牛肉(新华路店),30.2601901,120.1761765,77.0,川菜,11:00,22:00, 
262,苏小柳手工点心(西湖分院),30.2525128,120.1649003,69.0,快餐简餐,10:30,21:30, 
263,吴山烤禽 (吴山路店),30.2518666,120.1652586,34.0,小吃,08:00,17:30,"吴山烤鸡,熏鱼,吴山烤鸭,素烧鹅,五香鸡爪,五香牛肉"
264,新榆园·大隐于市(湖滨银泰旗舰店),30.251232,120.163866,130.0,创意菜,11:00,21:00, 
265,厚贞牛舌烧肉,30.2509748,120.1648886,159.0,日本料理,11:00,21:30, 
266,鲜与鲜寻·蟹小馆·川浙菜(黄龙店),30.2753617,120.1260788,162.0,小吃,11:00,24:00, 
267,江南春(中山中路店),30.2520058,120.1704359,15.0,小吃,06:30,20:00,"条头糕,定胜糕,擂沙汤团,松花团,薄荷糕,荷花糕"
268,蟹太宗·小龙虾炭火蛙锅川湘菜(西湖店),30.2495569,120.1645062,106.0,海鲜,11:30,03:30, 
269,侠隐居公馆(解百店),30.2496166,120.1647742,265.0,创意菜,10:30,21:30,"腊味煲仔饭,松茸竹荪老鹅汤,酸汤牛蛙,沙姜炒鸡,雪花牛肉,红尘妃子笑"
270,藤椒鱼佳(万塘路店),30.2753034,120.1245455,81.0,火锅,09:00,21:00, 
271,上海老城区小龙虾虾宴·蛙锅(西湖店),30.2486641,120.1649308,180.0,小吃,16:00,06:00, 
272,外婆家(西湖天地涌金店),30.2475769,120.1600333,96.0,江浙菜,10:30,21:00, 
273,雍大掌柜火锅(汇合城店),30.288247,120.1236154,90.0,火锅,10:00,05:00, 
274,啫卤爷(南山路店),30.2436404,120.1594671,105.0,粤菜,11:00,22:00, 
275,哥老官重庆美蛙鱼头(西湖银泰十一哥店),30.2445636,120.1656176,144.0,火锅,10:30,04:00, 
276,丹粤閣·顺德菜,30.2474387,120.1749584,142.0,粤菜,11:00,21:30, 
277,桐乡秀才羊肉面馆(清泰街店),30.2470237,120.1747229,36.0,小吃,08:00,21:00, 
278,绿茶餐厅(西湖银泰店),30.2433759,120.1659882,79.0,江浙菜,10:30,22:00,"鱼头诱惑,江南绿茶饼,石锅牛蛙,石锅鸡汤豆腐,绿茶葱香烤鸡,客家茄子煲"
279,宝中宝食府(清泰街店),30.2474655,120.1805347,114.0,江浙菜,10:30,21:00, 
280,初禾(河坊街店),30.2416129,120.1711512,183.0,创意菜,11:30,21:00, 
281,福缘居酒楼(河坊街店),30.2389476,120.176643,104.0,江浙菜,11:00,21:00, 
282,杭州西湖国宾馆·西湖第一名园·8号楼咖啡厅,30.2350119,120.1337133,287.0,自助餐,07:00,20:30, 
283,新安江奶酸菜鱼 (舟东店),30.317399,120.153207,57.0,火锅,10:00,22:30,"奶酸菜鱼,蛋黄南瓜,铁板烤肉,家常豆腐,糖醋里脊,肉末蒸蛋"
284,四季虾玲珑·20年老牌龙虾馆·宴请(竞舟路店),30.2829317,120.1046789,85.0,火锅,10:00,03:00, 
285,竹哩·井原里,30.2596665,120.2037217,487.0,日本料理,11:00,22:00, 
286,喜味儿·新式韩国料理(运河上街店),30.319094,120.144454,56.0,韩国料理,09:30,21:30, 
287,点都德(城西银泰城店),30.2991109,120.1084221,104.0,粤菜,10:30,21:00, 
288,钢五区小郡肝火锅串串香(城西银泰城店),30.3003969,120.108703,101.0,火锅,10:00,22:00, 
289,CINKER PICTURES目里三克映画,30.2660841,120.0991116,160.0,西餐,10:00,22:00, 
290,浙里·江南本味,30.224091,120.137482,112.0,其他中餐,11:00,21:30, 
291,Amanda’s kitchen 晓曼私厨(新天地店),30.322936,120.179484,142.0,西餐,11:00,20:30, 
292,汝拉私房菜(西湖景区·龙井茶田店),30.2301392,120.1178046,113.0,江浙菜,11:00,20:30, 
293,藤椒鱼佳(钱江新城店),30.2433319,120.2074909,75.0,川菜,10:00,22:00, 
294,7017味道工厂(钱江新城店),30.2440554,120.2082726,91.0,江浙菜,10:30,21:00, 
295,江户烧肉(高德店),30.243644,120.2085636,147.0,日本料理,11:00,22:00, 
296,左庭右院鲜牛肉火锅(来福士店),30.249571,120.212962,137.0,火锅,11:00,21:30, 
297,芽笼芽笼新加坡餐厅(来福士店),30.2490928,120.213099,91.0,东南亚菜,11:00,21:00, 
298,蟹屋(来福士店),30.2485402,120.2131806,205.0,日本料理,11:00,21:30, 
299,忆暹罗·东南亚餐厅(来福士中心店),30.248477,120.213187,145.0,东南亚菜,11:00,21:00, 
300,月芽·自由餐厅·中大银泰店,30.3282697,120.1772082,209.0,西餐,10:30,22:00,"红酒烩牛尾,碳烤牛舌,墨鱼肠,松露烩饭,芒果糯米饭,飞鱼籽三文鱼饭"
301,花房私厨餐厅(西溪天堂店),30.264935,120.088327,136.0,江浙菜,11:00,21:00, 
302,宋宴(虎跑店),30.2118576,120.135197,306.0,江浙菜,09:30,21:30,"龙井炒青虾仁,文房四宝,出水芙蓉,西湖醋鱼,香酥肉,杨梅鳕鱼球"
303,德明饭店(八卦新村店),30.2067113,120.1504122,127.0,江浙菜,11:00,20:30,"糖醋仔排,大肠,剁椒鱼头,糖醋排骨,卤三样,三鲜汤,烧鱼头"
304,304/BRUNCHRESTAURANT(龙湖天街店),30.2935595,120.0689995,171.0,西餐,11:00,21:30, 
305,花泰Blooming Thai(西溪天街店),30.2938113,120.068674,121.0,东南亚菜,10:30,22:00, 
306,东富酒家(龙湖西溪天街店),30.2939862,120.0684577,387.0,粤菜,11:00,22:00, 
307,云上·黑牛炭火日式烤肉(星光大道地标店),30.2084341,120.2097858,159.0,烧烤,11:30,02:00, 
308,马路边边老成都串串香(星耀城店),30.2118584,120.2158223,90.0,火锅,11:00,02:00, 
309,藤椒鱼佳(星耀城店),30.2113706,120.2163748,75.0,川菜,10:00,22:00, 
310,bluefrog蓝蛙(龙湖杭州滨江天街店),30.2017478,120.2043969,165.0,西餐,10:00,23:30, 
311,悦华荣发(滨江天街店),30.2004368,120.202155,240.0,粤菜,11:00,21:00, 
312,吃饭皇帝大·土家民族菜(龙湖滨江天街店),30.2008012,120.2031785,101.0,湘菜,11:00,21:00, 
313,蝴蝶里·点心·乳鸽(滨江天街店),30.2007379,120.20308,114.0,粤菜,10:30,21:00, 
314,新榆园·手工创意浙菜(龙湖滨江天街店),30.201259,120.204797,132.0,江浙菜,11:00,21:00,"雪花牛肉,海鲜烩豆捞,鲍鱼红烧肉,梅香黑醋里脊,蟹肉炸米泡饭,西班牙墨鱼饭"
315,浅草君日本料理(铂金岛店),30.200228,120.204035,93.0,日本料理,10:30,22:30, 
316,福昌洞(亚琪店),30.184893,120.1621437,27.0,韩国料理,10:30,20:30, 
317,COMMUNE幻师(西溪印象城店),30.2480043,120.0519365,105.0,西餐,11:00,03:00,"红咖喱大虾意面,黑松露风干火腿披萨,加州蹦蹦虾,COMMUNE脆脆金沙翅,公社招牌烤春鸡,牛油果秋葵烧鸡沙拉"
318,牛鼎旺·路边牛杂(萧山望京店),30.238137,120.2541694,92.0,火锅,10:30,02:00, 
319,潮牛海记(世茂缤谷店),30.1786314,120.1528559,124.0,火锅,09:30,21:30, 
320,樱花屋料理·深夜食堂(杭州分店),30.2300623,120.2552292,122.0,日本料理,10:00,02:00, 
321,九田家黑牛烤肉料理(萧山店),30.2158793,120.2705474,129.0,韩国料理,10:00,02:00,"黑牛肋条,调味猪五花,风花雪月,黑牛上脑,加州卷,风干肠"
322,烤匠麻辣烤鱼(永旺梦乐城店),30.3610352,120.0586044,81.0,川菜,10:30,21:00, 
323,火撸尖千岛小串(科技城店),30.2855262,120.0152843,99.0,烧烤,17:30,01:30, 
324,聞炉·港式海鲜火锅(城西店),30.2812374,120.0076462,328.0,火锅,11:00,21:00,"美国牛五花,活珍鲷,九节虾,豆趣一口酥,椒盐炸粟米,杨枝甘露"
325,猪笼城寨·特色烧烤小龙虾小酒馆(萧山店),30.1805429,120.2628437,145.0,烧烤,16:00,02:00, 
326,仟茶院(梦想小镇店),30.2899629,120.0023753,214.0,创意菜,10:00,22:00, 
327,杭州和达希尔顿逸林酒店·和园中餐厅,30.3117514,120.3239446,111.0,江浙菜,11:30,21:00,"六月杨梅球,避风塘鸡排,咖喱茭白,酒香牛肉粒,山竹小点心,蟹粉狮子头"
328,坂吉屋·居酒屋深夜食堂(龙湖店),30.3088545,120.3273048,88.0,日本料理,11:00,02:00, 
329,露天西餐厅(麦道店),30.4031521,120.310787,277.0,西餐,11:00,21:00,"牛肉小汉堡,贝果汉堡,冰鲜西冷牛排,舒芙蕾,芥末虾球,黑松露海鲜焗饭,惠灵顿牛排"
330,杭州富春山居高尔夫度假村· 湖廊居,30.0770774,119.9933049,270.0,西餐,06:30,23:00, 
331,一味大院(桐庐店),29.8015973,119.6920777,78.0,江浙菜,10:30,20:30,"蜜汁招牌肉,桐君熬豆腐,麻糍诱惑,小炒黄牛肉,手撕包菜,双椒鱼头"
332,面包与空气,29.8003698,119.6911,47.0,面包甜点,09:00,22:00,"日式盐面包,南瓜乳酪包,提拉米苏,芝士碱水,伯爵红茶·浮云卷,日式芋泥包"
333,千岛湖梅地亚君澜度假酒店·文广轩中餐厅,29.593679,119.008057,183.0,农家菜,11:00,14:00, 
334,新白鹿餐厅(滨江店),30.194313,120.190155,56.0,江浙菜,10:00,21:00, 
335,菲住布渴·中餐厅,30.279694,120.030609,161.0,江浙菜,07:00,21:30,"蜜汁爽肉叉烧,秋葵坚果牛柳粒,芦笋野菌香煎元贝,西溪莼菜四美羹,瑶柱鲍鱼汁焖荔浦芋儿,杭州卤鸭"
336,Home Thai泰·喜鹊(杭州大厦购物城店),30.2743468,120.1600133,143.0,东南亚菜,11:00,21:30, 
337,WANG STEAK王品(杭州大厦店),30.274057,120.161034,416.0,西餐,11:30,21:00, 
338,SEVEN BUS(国大城市广场店),30.2697474,120.1625479,24.0,面包甜点,10:00,22:00, 
339,周素珍湖州大馄饨(直戒坛寺巷店),30.2676688,120.1621067,18.0,小吃,07:00,20:00,"全家福,虾肉大馄饨,香菇鲜肉馄饨,三鲜馄饨,荠菜大馄饨,芹菜大馄饨"
340,小合妖·烧烤•小龙虾(老店),30.2777211,120.1422024,79.0,川菜,11:00,24:00, 
341,阿式·铜锣烧专门店(武林店),30.2625584,120.1609408,29.0,面包甜点,10:00,22:00, 
342,金猪,30.2622181,120.1607605,62.0,江浙菜,10:30,20:00,"糖醋里脊,开背虾,白切肉,椒盐芋艿,卤大肠,炒黑鱼片"
343,望江门小龙虾·靓虾(西湖店),30.2610471,120.1606039,172.0,小吃,11:00,05:00, 
344,砂师弟与二师兄 · 砂锅火锅(武林店),30.267049,120.1697158,96.0,火锅,11:00,03:00, 
345,杭州城中香格里拉大酒店·城中啤酒餐吧,30.2606751,120.1617692,167.0,西餐,15:00,00:30, 
346,哈根达斯(嘉里中心店),30.26046,120.161808,81.0,面包甜点,10:00,22:00, 
347,捞王锅物料理(嘉里中心店),30.2595421,120.1632263,153.0,火锅,10:30,22:00, 
348,陈先进鱼馆(湖墅南路店),30.2899714,120.1486099,94.0,江浙菜,09:30,21:00, 
349,钜丰源·海鲜火锅,30.2566571,120.1598525,1411.0,火锅,11:00,05:00, 
350,韩千炉海鲜自助火锅烤肉(文三路店),30.276672,120.1332748,66.0,海鲜,11:00,21:00,"扇贝,烤鸭卷,蜜汁五花肉,培根,奥尔良鸡翅,牛排"
351,一路吃·老杭州菜馆(音乐喷泉店),30.255531,120.1620373,74.0,江浙菜,10:00,23:00,"招牌叫花鸡,西湖醋鱼,招牌东坡肉,龙井虾仁,西湖牛肉羹,糖醋里脊"
352,娃哈哈同乐舫(庆春店),30.257542,120.1692619,144.0,粤菜,10:30,21:00, 
353,辛香汇·锦里(工联CC店),30.2543851,120.1644299,88.0,川菜,11:00,22:00, 
354,郝一锅,30.2941197,120.1447122,78.0,农家菜,09:00,24:00, 
355,壹品轩·东坡家宴(湖滨店),30.2530489,120.1638806,107.0,江浙菜,10:30,21:30, 
356,满满初牛·炭烧牛肉专门店(黄龙K-lab店),30.2760566,120.1291872,129.0,快餐简餐,11:00,21:00, 
357,吼堂老火锅(湖滨银泰in77店),30.2532138,120.1647183,141.0,火锅,11:00,01:30, 
358,方传面馆(新华路店),30.2602927,120.1762231,22.0,小吃,06:30,20:30,"肉丝拌川,特色腰花片儿川,猪肝片儿川,酸菜黑鱼面,青菜肉片面"
359,欢牛蛋糕屋(平海路店),30.2544224,120.169292,38.0,面包甜点,09:30,21:00, 
360,左庭右院鲜牛肉火锅(湖滨银泰in77E区店),30.2508501,120.1633979,132.0,火锅,11:00,22:00, 
361,遇见西子小龙虾烤鱼•炸串(吴山夜市店),30.251863,120.167663,95.0,小吃,14:00,04:00, 
362,杭州酒家(西湖南山路店),30.2498457,120.1630053,68.0,江浙菜,11:00,20:30,"大刀饼,文丝豆腐,果木泥烤叫花鸡,西湖醋鱼,清汤鱼圆,松丝汤包,麻油笋干,西湖雪媚娘,酸菜鱼,手撕香酥鸭"
363,无名氏面馆,30.2517766,120.1698187,28.0,小吃,07:00,21:00,"大排面,猪肝,肝腰拌面,肉丝拌川,青菜香菇腰花面, 笋干青椒肉丝面"
364,咕鹿流心披萨(解百店),30.2496167,120.1647742,60.0,西餐,10:00,20:30, 
365,雀吉Meraki Bakery(将军路店),30.248684,120.162849,42.0,面包甜点,10:00,19:00, 
366,杭州香格里拉饭店·香宫,30.2527989,120.1370997,240.0,江浙菜,11:30,21:00, 
367,胡记•老杭帮(西湖店),30.2475963,120.1608715,72.0,江浙菜,09:00,22:00,"叫花鸡,东坡肉,龙井虾仁,西湖醋鱼,陆记豆腐,油焖春笋"
368,星巴克(西湖天地店),30.2467559,120.160053,42.0,咖啡店,07:00,22:00, 
369,FOLLOW COFFEE,30.2462928,120.1679764,61.0,咖啡店,10:00,21:00,"糖葫芦拿铁,晚秋苏打,舒芙蕾松饼,澳白,苹果肉桂芝士,香蕉巧克力青提蛋糕,蜜瓜拿铁"
370,西湖春天(南山店),30.2433038,120.1593669,144.0,粤菜,11:00,21:30, 
371,大川日本料理·深夜居酒屋(解放路店),30.2486506,120.178211,130.0,日本料理,11:00,24:00, 
372,西堤牛排(乐堤港店),30.304482,120.141808,143.0,西餐,11:00,21:00, 
373,大真炭烧肉酒馆(远洋乐堤港店),30.3061953,120.1426924,156.0,日本料理,10:00,22:00, 
374,必胜客(天成国际店),30.285625,120.192551,80.0,西餐,10:30,22:00, 
375,欢牛蛋糕屋(城西店),30.2839944,120.1169038,41.0,面包甜点,09:00,21:00, 
376,天辣·芙蓉里(大悦城店),30.3019195,120.130087,106.0,川菜,10:30,21:30, 
377,御乐堂·戏茶食驿(中山中路店),30.2399177,120.1710764,181.0,小吃,11:00,21:00,"松茸珍菌汤,东坡肉,定胜糕,酱椒蒸猪手,椒香蒜头三杯虾,主厨招牌色拉,炸臭豆腐,片儿川,金菇豆皮,话梅小排"
378,宴鲜森·老底子杭帮菜(河坊街店),30.2402334,120.1755522,117.0,江浙菜,11:00,21:00, 
379,金食堂韩国料理(西溪店),30.2683065,120.1099343,87.0,韩国料理,11:00,21:00, 
380,滋味渊·匠心桐庐菜(景芳店),30.2702582,120.201983,74.0,农家菜,10:00,23:00, 
381,浙江西子宾馆·汪庄·瑶园咖啡厅,30.2325184,120.152417,269.0,自助餐,11:30,20:30, 
382,院子餐厅(桥西直街店),30.3153466,120.1383823,88.0,江浙菜,11:00,21:00,"咖喱皇焗大虾,家烧大鱼头,鸡蛋烧肉,院子私房茄子,红糖麻糍,家烧青菜,法式酥香里脊肉,沙拉小清新,酱油麻麻鸡,话梅排骨"
383,隐外(龙井路店),30.2379693,120.1250893,939.0,江浙菜,11:30,21:00,"低温碳烤雪花牛肉,干贝酱蒸非洲东星斑,黑松露九年百合蒸长脚蟹,青芥汁低温蛏子,红烧鱼翅"
384,百岁我家·酸菜鱼专门店(运河上街店),30.3187153,120.1435784,81.0,川菜,11:00,22:00, 
385,柒月·烧鸟居酒屋(城西银泰城店),30.2977138,120.1092182,159.0,日本料理,17:00,01:00, 
386,印象江郎餐厅(古墩路店),30.26313,120.10198,95.0,江浙菜,10:00,21:00, 
387,必胜客(城西银泰店),30.299513,120.1078723,84.0,西餐,10:00,22:00, 
388,星巴克臻选(杭州银泰城西二店),30.3000914,120.1079085,37.0,咖啡店,07:30,23:00, 
389,齐齐哈尔烤肉(秋涛路店),30.2337684,120.1880193,87.0,烧烤,10:00,03:00, 
390,隐觅·私房菜,30.2256897,120.1685987,117.0,江浙菜,11:00,21:00, 
391,绿茶餐厅(龙井路店),30.232158,120.123977,104.0,江浙菜,10:30,21:30,"面包诱惑,鱼头诱惑,绿茶烤肉,绿茶饼"
392,知竹(天竺路店),30.2390497,120.106048,58.0,素食,07:00,20:00,"知味拌面,牛肝菌面,山菇手擀面,宝师父炸酱面,香椿拌面,手工麻糍"
393,文兴酒家•始于1990(钱江新城店),30.2515066,120.2131197,377.0,粤菜,11:00,21:00,"文兴烧鸭,川香和牛粒,杏香脆皮牛腩,麒麟东星斑,姜葱炒龙虾,小青龙麻婆豆腐,文火和牛肉,上汤杂菜煲,腊味煲仔饭,西班牙5J烧饼"
394,老乾杯(杭州万象城店),30.2525367,120.2144227,742.0,日本料理,11:30,22:00,"鸡肉釜饭,炸牛排三明治,肋眼牛排,特选指切牛舌 ,和牛海胆手卷寿司 ,鸭肝釜饭"
395,年丰和面馆小龙虾拌川(同人精华店),30.3016367,120.0991018,32.0,小吃,10:00,21:00, 
396,上名堂·家宴(城南店),30.2216827,120.1782085,117.0,江浙菜,09:30,21:00, 
397,唐宫海鲜舫(杭州万象城店),30.2510744,120.2155851,158.0,粤菜,10:00,21:30, 
398,老鸭集(万象城店),30.2514436,120.2159131,240.0,江浙菜,10:30,21:00, 
399,江南夜市有个锅(浙大紫金港店),30.3059061,120.0955237,73.0,韩国料理,10:00,23:00, 
400,杭州中科久泰饭店·西餐厅,30.239362,120.212604,327.0,西餐,11:30,22:00, 
401,初禾居酒屋(紫金港店),30.3090464,120.0939726,76.0,日本料理,10:00,23:00, 
402,杭州山舍酒店·山舍PillowBooks(西湖店),30.2168155,120.1235704,64.0,咖啡店,10:30,20:30,"冰冰青提蛋糕,经典香蕉芝士,巴斯克焦蛋糕,红茶千层,栗子蒙布朗,青汁山楂慕斯"
403,雅轩餐厅·创意江浙菜(西溪湿地店),30.2742041,120.0715111,242.0,创意菜,11:00,21:30, 
404,Tony's House,30.3105106,120.0823457,59.0,东南亚菜,16:30,21:30,"烤春鸡,烤鸡肉玛莎拉,黄油囊饼,菠萝炒饭,玛格丽特披萨,蒜香大虾"
405,停不了·小龙虾·肥肠牛蛙锅,30.211577,120.205302,131.0,小吃,10:00,24:00, 
406,顽啤烤匠·海鲜烤串精酿啤酒,30.2142403,120.2097585,95.0,烧烤,00:00,24:00, 
407,乔街深夜食堂·生腌熟醉·高压生蚝(滨盛路店),30.2069769,120.2032078,168.0,火锅,17:00,02:00, 
408,滨丸水產·烧肉烧鸟炉端烧(星光大道店),30.2084108,120.209741,167.0,日本料理,11:00,23:00, 
409,一块肉烤官·炭火烤肉(钱江世纪城店),30.2414247,120.2426582,96.0,韩国料理,10:00,23:00, 
410,玖隆坡火锅(滨江天街店),30.2006708,120.2032177,157.0,火锅,10:00,24:00, 
411,世融艾美酒店·新食谱全日餐厅,30.1881728,120.1463355,208.0,自助餐,06:30,23:00, 
412,厨创东北大厨(滨江宝龙店),30.1870825,120.1672365,75.0,东北菜,10:30,21:00, 
413,樟乐茶庄·青瓷,30.2053113,120.0884099,116.0,江浙菜,10:00,21:00, 
414,千禧度假酒店拾溪餐厅,30.190258,120.11496,129.0,江浙菜,11:30,21:00, 
415,千禧度假酒店酒店茗吧,30.1902,120.114674,82.0,咖啡店,09:00,21:00, 
416,弄口里烧烤(滨江康康谷店),30.1952671,120.2144433,73.0,烧烤,11:00,05:00, 
417,集渔·泰式海鲜火锅(西溪印象城二期店),30.246704,120.047523,121.0,火锅,10:30,21:30, 
418,水浒烤肉(杭州总店),30.312862,120.2717528,94.0,烧烤,11:00,03:00, 
419,好想牛潮汕牛肉火锅(七堡花园城店),30.310892,120.2787062,103.0,火锅,11:00,21:30, 
420,弄口里烧烤(未来科技城店),30.2854894,120.0151781,69.0,烧烤,11:00,04:30, 
421,嘭嘭鲜·炭炉牛杂煲(万象汇店),30.1819484,120.2700448,98.0,火锅,10:00,22:30, 
422,西贝莜面村(万象汇店),30.1818105,120.2705233,109.0,西北菜,10:30,21:00, 
423,西堤牛排(杭州龙湖店),30.30978,120.327124,148.0,西餐,11:00,21:00, 
424,坂吉屋 • 居酒屋深夜食堂(学林街店),30.3151643,120.3341503,80.0,日本料理,11:00,02:00, 
425,咕鹿流心披萨(下沙店),30.3186217,120.3363982,57.0,西餐,10:00,20:30,"流金流心披萨饺,小鸡快跑流心披萨,黑金榴莲流心披萨,红牛流心披萨饺,超级芝士猪排,黑椒牛肉意面"
426,老革命饭店(白云源路店),29.7910858,119.6912034,80.0,江浙菜,11:00,20:30,"咸蛋黄南瓜,酱椒白鱼,干锅鸭,剁椒白鱼,铁板山药,螺丝,椒盐猪脚,粉皮青菜,葱香锅巴,香叶大肠"
427,开元芳草地酒店·餐厅,29.565161,119.562836,640.0, ,17:00,20:00, 
428,千岛湖洲际度假酒店·羡餐厅,29.548204,119.12272,236.0,农家菜,11:30,21:00, 
429,万记淳菜府·淳鱼直营店(千岛湖店),29.6074478,119.0557133,113.0,农家菜,10:30,21:00, 
430,绿城千岛湖喜来登度假酒店采悦轩中餐厅,29.60848,119.03899,150.0,本帮菜,17:00,22:00, 
431,老雷家的菜(千岛湖店),29.6062877,119.0397319,92.0,江浙菜,11:00,21:00, 
432,淳圆外·古村落的味道,29.6022059,119.0289059,80.0,农家菜,10:30,21:00,"鸿运剁椒鱼头,堂烹粉丝裹虾,鸡汤鱼滑豆腐,地狱炭烧鸡,经典浓汤鱼头,鳙鱼腐皮卷,辣烧鲜汁鱼泡"
433,渔乐圈·十八年家宴传承,29.6002411,119.0246309,94.0,农家菜,10:30,21:00, 
434,新白鹿餐厅(西湖文化广场店),30.277645,120.163032,60.0,江浙菜,10:30,21:00, 
435,艳·火锅(武林路店),30.2593921,120.1601205,169.0,火锅,10:30,24:00,"黄金蛋饺,爆浆手打鲜虾丸,澳洲手切千层肚,无骨巴沙鱼,现炸脆酥肉,理想QQ鲜虾滑"
436,曼陀林餐厅(玉皇山店),30.2208211,120.1537766,132.0,创意菜,10:00,21:00, 
437,湘之荷品质湘菜,30.276219,120.153641,143.0,湘菜,11:00,21:00, 
438,胖哥俩肉蟹煲(杭州大厦中央广场店),30.2718231,120.1616753,82.0,海鲜,10:30,21:00,"鸡爪,牛蛙煲,虾煲,年糕"
439,杭州逸酒店·本逸·割烹料理(湖墅店),30.281151,120.154144,488.0,日本料理,11:00,21:30, 
440,CoCo都可(杭州武林D11店),30.2677701,120.1607799,14.0,面包甜点,11:00,22:00, 
441,川味观·毛肚火锅(西湖文化广场店),30.276686,120.1662103,123.0,火锅,11:00,02:00, 
442,大山前·烧鸟居酒屋,30.2809294,120.167177,153.0,日本料理,17:00,24:00,"梅子茶泡饭,鳗鱼饭,和风豆腐,梅子土豆泥"
443,付小姐在成都(杭州总店),30.2672478,120.1687361,78.0,火锅,11:00,01:30,"红糖糍粑,付氏冰粉,冒脑花,老妈蹄花,豌杂小面,冒鸭血"
444,付小姐在成都(武林路店),30.2612453,120.1607067,74.0,火锅,12:00,02:30, 
445,大碗面(长寿路店),30.2612291,120.1613845,34.0,小吃,08:30,20:30,"猪肝面,大肠面,腰花面,肉丝拌川,爆鳝面,番茄笋干面"
446,建德大包(凤起路店),30.264155,120.1665382,10.0,小吃,06:00,21:00,"豆腐包,鲜肉包子,糯米烧卖,葱油拌面,小馄饨,黑米粥"
447,纯真年代书吧(宝石山店),30.2611282,120.1486509,93.0,咖啡店,09:00,22:00,"笋干酸菜鱼,上汤西兰花,纯真年代咖啡,芝士蛋糕"
448,浙江世贸君澜大饭店·桃源,30.265886,120.14116,92.0,江浙菜,11:30,21:00, 
449,慧斐小吃(育才巷店),30.2878203,120.1680603,15.0,快餐简餐,06:00,20:00,"煎饺,小馄饨,豆腐脑,葱油拌面,鸡蛋饼,鲜肉锅贴"
450,青森料理(中山北路店),30.2592688,120.1697924,107.0,创意菜,11:00,20:00,"奶油咖喱乌冬面,旋风咖喱鸡肉蛋包饭,芝士可乐饼,青森黄金炸鸡块,香烤墨鱼肠,照烧鸡排饭"
451,浙江西湖山庄·餐厅,30.2558536,120.1405438,347.0,江浙菜,07:00,20:30, 
452,英英面馆(建国路店),30.2753023,120.1808946,30.0,小吃,08:30,20:00,"虾爆膳面,猪腰片儿川拌川,番茄鸡蛋面,老杭州卤鸭,肉丝拌川,卤鸡爪"
453,骏府.炭.烧肉(湖滨店),30.2512231,120.1650029,150.0,日本料理,10:00,22:00, 
454,意式披萨店,30.2747148,120.1246496,49.0,西餐,11:00,22:00,"自制肉肠披萨,凯撒沙拉,榴莲披萨,松露菌菇披萨,金枪鱼披萨,鸡肉披萨"
455,初食聚场日式料理(西湖天地店),30.247668,120.1601059,90.0,日本料理,11:00,21:30,"鳗鱼饭,鹅肝寿司,芥末章鱼"
456,一佳靓虾(中河中路店),30.2512489,120.1715641,171.0,小吃,17:00,01:00, 
457,海底捞火锅(西湖店),30.2473845,120.163877,130.0,火锅,10:00,04:00, 
